日経平均,日足,,,
日付,始値,高値,安値,終値
2013/8/27,13551.75,13678.79,13517.1,13542.37
2013/8/26,13719.56,13741.49,13586.84,13636.28
2013/8/23,13583.76,13774.66,13575.4,13660.55
2013/8/22,13314.05,13447.33,13238.73,13365.17
2013/8/21,13431.28,13499.99,13250.36,13424.33
2013/8/20,13632.96,13730.09,13383.18,13396.38
2013/8/19,13669.74,13758.13,13589.78,13758.13
2013/8/16,13532.61,13739.52,13532.61,13650.11
2013/8/15,13845.64,13981.16,13711.12,13752.94
2013/8/14,13936.74,14050.16,13747.18,14050.16
2013/8/13,13696.36,13867,13689.49,13867
2013/8/12,13469.7,13658.86,13430.64,13519.43
2013/8/9,13673.49,13754.96,13527.81,13615.19
2013/8/8,13779.47,14031.14,13556.65,13605.56
2013/8/7,14155.95,14164.7,13824.94,13824.94
2013/8/6,14237.1,14401.06,14031.61,14401.06
2013/8/5,14318.21,14370.98,14225.5,14258.04
2013/8/2,14178.66,14466.16,14146.92,14466.16
2013/8/1,13674.5,14005.77,13645.61,14005.77
2013/7/31,13733.55,13836.03,13644.21,13668.32
2013/7/30,13634.2,13909.45,13613.78,13869.82
2013/7/29,13899.27,13953.85,13661.13,13661.13
2013/7/26,14339.39,14376.01,14114.52,14129.98
2013/7/25,14747.21,14748.77,14533.21,14562.93
2013/7/24,14719.64,14751.87,14630.68,14731.28
2013/7/23,14555.36,14820.18,14549.06,14778.51
2013/7/22,14770.02,14770.02,14514.29,14658.04
2013/7/19,14909.76,14953.29,14413.28,14589.91
2013/7/18,14645.25,14827.73,14645.25,14808.5
2013/7/17,14491.8,14615.04,14460.56,14615.04
2013/7/16,14594.88,14638.8,14550.89,14599.12
2013/7/12,14475.17,14574.17,14417.3,14506.25
2013/7/11,14275.26,14496.67,14275.26,14472.58
2013/7/10,14464.82,14555.33,14287.69,14416.6
2013/7/9,14295.44,14472.9,14186.03,14472.9
2013/7/8,14491.07,14497.65,14109.34,14109.34
2013/7/5,14150.85,14309.97,14149.5,14309.97
2013/7/4,13970.27,14093.02,13962.3,14018.93
2013/7/3,14149.99,14164.77,13984.08,14055.56
2013/7/2,13969.15,14098.74,13898.54,14098.74
2013/7/1,13746.72,13862.71,13562.7,13852.5
2013/6/28,13383.92,13724.44,13354.7,13677.32
2013/6/27,12968.72,13213.55,12873.5,13213.55
2013/6/26,13152.75,13189.84,12826.51,12834.01
2013/6/25,13081.62,13234.89,12758.22,12969.34
2013/6/24,13417.54,13426.13,13026.23,13062.78
2013/6/21,12787.87,13330.35,12702.67,13230.13
2013/6/20,13101.85,13190.82,12966.41,13014.58
2013/6/19,13233.08,13296.62,13107.65,13245.22
2013/6/18,13015.15,13139.48,12919.03,13007.28
2013/6/17,12584.37,13033.12,12549.82,13033.12
2013/6/14,12668.9,12900.65,12629.31,12686.52
2013/6/13,13038.02,13050.11,12415.85,12445.38
2013/6/12,13087.66,13332.72,12994.08,13289.32
2013/6/11,13504.77,13584.31,13296.31,13317.62
2013/6/10,13141.85,13514.2,13141.37,13514.2
2013/6/7,12706.41,13106.2,12548.2,12877.53
2013/6/6,12925.29,13238.53,12862.02,12904.02
2013/6/5,13566.75,13711.42,13011.16,13014.87
2013/6/4,13186.6,13610.25,13060.94,13533.76
2013/6/3,13551.36,13562.87,13261.82,13261.82
2013/5/31,13804.23,13916.56,13681.39,13774.54
2013/5/30,14072.9,14098.16,13555.66,13589.03
2013/5/29,14492.55,14512.28,14243.49,14326.46
2013/5/28,13943.62,14399.78,13943.62,14311.98
2013/5/27,14373.82,14381.28,14027.42,14142.65
2013/5/24,14731.75,15007.5,13981.52,14612.45
2013/5/23,15739.98,15942.6,14483.98,14483.98
2013/5/22,15440.69,15706.63,15432.64,15627.26
2013/5/21,15264.79,15388.37,15264.42,15381.02
2013/5/20,15260.61,15381.74,15245.8,15360.81
2013/5/17,14926.42,15157.32,14902.3,15138.12
2013/5/16,15146.05,15155.72,14879.51,15037.24
2013/5/15,14962.34,15108.83,14956.38,15096.03
2013/5/14,14822.56,14839.79,14755.08,14758.42
2013/5/13,14759.5,14849.01,14727.7,14782.21
2013/5/10,14449.24,14636.81,14426.74,14607.54
2013/5/9,14366.95,14409.82,14191.48,14191.48
2013/5/8,14196.2,14421.38,14186.83,14285.69
2013/5/7,13960.04,14196.38,13951.81,14180.24
2013/5/2,13727.25,13780.48,13637.96,13694.04
2013/5/1,13837.72,13844.82,13782,13799.35
2013/4/30,13854.82,13897.06,13778.75,13860.86
2013/4/26,13978.98,13983.87,13852.2,13884.13
2013/4/25,13887.53,13974.26,13827.96,13926.08
2013/4/24,13687.28,13843.46,13686.78,13843.46
2013/4/23,13545.6,13585.35,13505.53,13529.65
2013/4/22,13537.17,13611.58,13529.44,13568.37
2013/4/19,13268.43,13338.75,13186.89,13316.48
2013/4/18,13272.22,13377.74,13200.85,13220.07
2013/4/17,13330.5,13397.5,13318.69,13382.89
2013/4/16,13023.91,13312.23,13004.46,13221.44
2013/4/15,13345.86,13408.29,13257.86,13275.66
2013/4/12,13568.25,13568.25,13402.86,13485.14
2013/4/11,13444.95,13549.16,13384.11,13549.16
2013/4/10,13177.31,13325.15,13177.31,13288.13
2013/4/9,13309.13,13331.39,13151.73,13192.35
2013/4/8,13082.61,13225.22,13080.29,13192.59
2013/4/5,12880.82,13225.62,12831.1,12833.64
2013/4/4,12188.22,12634.54,12075.97,12634.54
2013/4/3,12112.09,12362.2,12102.05,12362.2
2013/4/2,12051.57,12107.4,11805.78,12003.43
2013/4/1,12371.34,12384.83,12133,12135.02
2013/3/29,12405.53,12425.96,12319.75,12397.91
2013/3/28,12457.13,12462.86,12286.37,12335.96
2013/3/27,12476.58,12502.26,12442.39,12493.79
2013/3/26,12461.79,12540.12,12456.04,12471.62
2013/3/25,12507.61,12594.36,12480.42,12546.46
2013/3/22,12498.51,12522.05,12338.53,12338.53
2013/3/21,12592,12650.26,12586.06,12635.69
2013/3/19,12405.61,12491.16,12401.12,12468.23
2013/3/18,12365.44,12373.17,12220.63,12220.63
2013/3/15,12437.68,12560.95,12434.47,12560.95
2013/3/14,12332.16,12395.73,12248.65,12381.19
2013/3/13,12252.29,12339.45,12234.48,12239.66
2013/3/12,12433.6,12461.97,12314.81,12314.81
2013/3/11,12363.09,12403.95,12300.83,12349.05
2013/3/8,12066.5,12283.62,12065.09,12283.62
2013/3/7,12037.25,12069.6,11946.01,11968.08
2013/3/6,11811.06,11933.82,11803.09,11932.27
2013/3/5,11732.57,11779.42,11666.38,11683.45
2013/3/4,11695.45,11767.68,11613.59,11652.29
2013/3/1,11464.71,11648.63,11464.71,11606.38
2013/2/28,11396.73,11563.75,11392.56,11559.36
2013/2/27,11418.56,11419.62,11253.97,11253.97
2013/2/26,11449.66,11520.24,11374.83,11398.81
2013/2/25,11564.55,11662.52,11562.1,11662.52
2013/2/22,11238.75,11390.65,11175.67,11385.94
2013/2/21,11404.73,11442.11,11301.77,11309.13
2013/2/20,11485.65,11510.52,11440.1,11468.28
2013/2/19,11336.45,11412.86,11336.45,11372.34
2013/2/18,11318.22,11445.46,11308.83,11407.87
2013/2/15,11239.21,11261.58,11065.06,11173.83
2013/2/14,11273.4,11356.54,11243.49,11307.28
2013/2/13,11333.72,11365.27,11196.66,11251.41
2013/2/12,11346.72,11460.64,11343.44,11369.12
2013/2/8,11179.97,11299.71,11135.89,11153.16
2013/2/7,11406.32,11446.81,11295.62,11357.07
2013/2/6,11236.7,11498.42,11232.05,11463.75
2013/2/5,11105.24,11170.85,11046.92,11046.92
2013/2/4,11254.16,11285.49,11194.74,11260.35
2013/2/1,11193.72,11237.84,11142.26,11191.34
2013/1/31,11057.5,11145.38,11007.77,11138.66
2013/1/30,10913.97,11113.95,10905.64,11113.95
2013/1/29,10751.01,10937.63,10751.01,10866.72
2013/1/28,11002.86,11002.86,10824.31,10824.31
2013/1/25,10797.3,10926.65,10790.95,10926.65
2013/1/24,10441.11,10634.74,10441.11,10620.87
2013/1/23,10575.6,10663.09,10486.99,10486.99
2013/1/22,10765.1,10859.42,10615.2,10709.93
2013/1/21,10941.45,10941.45,10747.74,10747.74
2013/1/18,10791.97,10913.3,10787.12,10913.3
2013/1/17,10660.94,10694.85,10432.97,10609.64
2013/1/16,10806.41,10806.41,10591.3,10600.44
2013/1/15,10914.65,10952.31,10851.66,10879.08
2013/1/11,10786.14,10830.43,10748.06,10801.57
2013/1/10,10635.11,10686.12,10619.65,10652.64
2013/1/9,10405.67,10620.7,10398.61,10578.57
2013/1/8,10544.21,10602.12,10463.43,10508.06
2013/1/7,10743.69,10743.69,10589.7,10599.01
2013/1/4,10604.5,10734.23,10602.24,10688.11
2012/12/27,10295.26,10376.39,10288.85,10322.98
2012/12/26,10131.22,10230.36,10107.34,10230.36
2012/12/25,10092.35,10119.35,10030.44,10080.12
2012/12/21,10145.58,10175.06,9924.42,9940.06
2012/12/20,10093.11,10147.68,10028.65,10039.33
2012/12/19,10025.4,10160.4,10016.98,10160.4
2012/12/18,9848.87,9967.24,9848.87,9923.01
2012/12/17,9895.68,9903.35,9826.3,9828.88
2012/12/14,9703.56,9775.75,9687.7,9737.56
2012/12/13,9681.2,9767.05,9672.47,9742.73
2012/12/12,9606.25,9606.25,9565.95,9581.46
2012/12/11,9510.6,9534.18,9487.95,9525.32
2012/12/10,9584.46,9584.46,9517.4,9533.75
2012/12/7,9547.14,9572.75,9522.13,9527.39
2012/12/6,9535.69,9565.43,9503.31,9545.16
2012/12/5,9380.37,9515.86,9376.97,9468.84
2012/12/4,9419.15,9457.19,9406.03,9432.46
2012/12/3,9484.2,9525.82,9453.48,9458.18
2012/11/30,9446.77,9492.91,9380.25,9446.01
2012/11/29,9370.29,9412.08,9350.4,9400.88
2012/11/28,9375.48,9407.62,9308.35,9308.35
2012/11/27,9371.13,9449.72,9370.59,9423.3
2012/11/26,9466.06,9487.94,9388.94,9388.94
2012/11/22,9336.32,9366.8,9304.72,9366.8
2012/11/21,9213.73,9248.98,9161.21,9222.52
2012/11/20,9198.42,9200.85,9129.43,9142.64
2012/11/19,9141.27,9183.46,9135.29,9153.2
2012/11/16,8898.33,9032.35,8898.33,9024.16
2012/11/15,8703.82,8829.72,8684.23,8829.72
2012/11/14,8660.27,8680.4,8653.49,8664.73
2012/11/13,8710.52,8723.46,8619.45,8661.05
2012/11/12,8701.28,8728.85,8676.44,8676.44
2012/11/9,8742.68,8779.24,8729.45,8757.6
2012/11/8,8868.42,8891.08,8811.41,8837.15
2012/11/7,9030.56,9032.32,8924.41,8972.89
2012/11/6,8989.58,8990.35,8957.49,8975.15
2012/11/5,9000.81,9040.18,8984.69,9007.44
2012/11/2,9049.22,9072.39,9031.43,9051.22
2012/11/1,8931.71,8976.08,8871.48,8946.87
2012/10/31,8911.08,8985.58,8905.44,8928.29
2012/10/30,8941.82,8995.81,8841.98,8841.98
2012/10/29,8958.79,8986.05,8909.37,8929.34
2012/10/26,9058.93,9075.59,8933.06,8933.06
2012/10/25,8952.13,9057.31,8941.85,9055.2
2012/10/24,8896.41,9043.8,8896.41,8954.3
2012/10/23,9066.03,9075.58,8970.5,9014.25
2012/10/22,8874.52,9031.55,8867.79,9010.71
2012/10/19,8944.03,9016.9,8940.38,9002.68
2012/10/18,8886.56,8992.36,8877.17,8982.86
2012/10/17,8777.39,8837.19,8758.7,8806.55
2012/10/16,8638.68,8707.95,8633.68,8701.31
2012/10/15,8517.77,8595.11,8488.14,8577.93
2012/10/12,8607.7,8620.18,8516.11,8534.12
2012/10/11,8514.63,8607.42,8514.63,8546.78
2012/10/10,8650.55,8660.68,8578.25,8596.23
2012/10/9,8822.39,8840.69,8765.55,8769.59
2012/10/5,8850.29,8880.23,8805.79,8863.3
2012/10/4,8783.13,8865.92,8738.31,8824.59
2012/10/3,8778.26,8806.75,8729.56,8746.87
2012/10/2,8826.36,8843.33,8774.75,8786.05
2012/10/1,8815.07,8829.35,8759.07,8796.51
2012/9/28,8986.63,8989.08,8838.85,8870.16
2012/9/27,8856.31,8959.25,8844.06,8949.87
2012/9/26,8941.75,8971.75,8894.02,8906.7
2012/9/25,9031.37,9112.54,9023.63,9091.54
2012/9/24,9071.32,9091.97,9031.13,9069.29
2012/9/21,9113.3,9159.33,9103.95,9110
2012/9/20,9174.19,9215.57,9079.19,9086.98
2012/9/19,9166.52,9288.53,9140.75,9232.21
2012/9/18,9155.49,9180.44,9120.61,9123.77
2012/9/14,9097.92,9193.27,9081.8,9159.39
2012/9/13,8950.01,9022.2,8932.1,8995.15
2012/9/12,8827.21,8959.96,8821.8,8959.96
2012/9/11,8811.33,8814.03,8769.47,8807.38
2012/9/10,8853.19,8874.54,8838.18,8869.37
2012/9/7,8821.37,8871.65,8804.27,8871.65
2012/9/6,8690.34,8697,8646.03,8680.57
2012/9/5,8756.59,8759.26,8679.82,8679.82
2012/9/4,8787.97,8804.44,8729.22,8775.51
2012/9/3,8836.61,8893.39,8773.4,8783.89
2012/8/31,8891.75,8933.99,8839.91,8839.91
2012/8/30,9062.07,9062.07,8960.24,8983.78
2012/8/29,9045.73,9073.99,9033.83,9069.81
2012/8/28,9138.51,9140.62,8988.99,9033.29
2012/8/27,9140.41,9150.48,9084.87,9085.39
2012/8/24,9069.95,9090.67,9045.79,9070.76
2012/8/23,9080.67,9194.47,9062.54,9178.12
2012/8/22,9150.69,9162.97,9075.08,9131.74
2012/8/21,9165.15,9196.67,9146.07,9156.92
2012/8/20,9202.36,9222.87,9150.79,9171.16
2012/8/17,9120.22,9181.57,9097,9162.5
2012/8/16,8967.11,9094.09,8962.97,9092.76
2012/8/15,8960.28,8960.28,8866.06,8925.04
2012/8/14,8913.7,8970.99,8897.87,8929.88
2012/8/13,8871.68,8906.21,8867.63,8885.15
2012/8/10,8931.92,8954.85,8857.23,8891.44
2012/8/9,8870.81,9004.81,8862.17,8978.6
2012/8/8,8889.38,8962.95,8851.59,8881.16
2012/8/7,8714.12,8812.42,8711.9,8803.31
2012/8/6,8683.2,8751.8,8676.25,8726.29
2012/8/3,8539.71,8565.06,8513.2,8555.11
2012/8/2,8642.89,8705.91,8635.51,8653.18
2012/8/1,8622.04,8654.61,8578.16,8641.85
2012/7/31,8600.92,8732.84,8585.26,8695.06
2012/7/30,8658.83,8663.3,8589.19,8635.44
2012/7/27,8547.34,8569.09,8522.74,8566.64
2012/7/26,8408.22,8448.55,8358.51,8443.1
2012/7/25,8410.98,8433.58,8328.02,8365.9
2012/7/24,8497.99,8517.52,8446.18,8488.09
2012/7/23,8582.28,8606.23,8500.27,8508.32
2012/7/20,8785.87,8792.19,8662.72,8669.87
2012/7/19,8795,8835.8,8771.19,8795.55
2012/7/18,8796.15,8802.09,8715.14,8726.74
2012/7/17,8740.98,8808.87,8711.73,8755
2012/7/13,8701.35,8759.06,8695.44,8724.12
2012/7/12,8859.39,8862.8,8709.75,8720.01
2012/7/11,8819.04,8851,8797.73,8851
2012/7/10,8922.03,8966.99,8855.93,8857.73
2012/7/9,8922.99,8954.44,8892.17,8896.88
2012/7/6,9052.7,9082.04,8977.35,9020.75
2012/7/5,9078.46,9130.54,9069.01,9079.8
2012/7/4,9119.69,9136.02,9095.31,9104.17
2012/7/3,9013.65,9082.39,9012.86,9066.59
2012/7/2,9103.79,9103.79,9003.48,9003.48
2012/6/29,8811.46,9044.04,8803.33,9006.78
2012/6/28,8816.07,8881.44,8805.65,8874.11
2012/6/27,8677.76,8730.49,8641.52,8730.49
2012/6/26,8671.61,8712.68,8619.36,8663.99
2012/6/25,8837.83,8837.83,8726.4,8734.62
2012/6/22,8733.5,8830.34,8731.79,8798.35
2012/6/21,8794.03,8859.04,8790.86,8824.07
2012/6/20,8739.1,8770.41,8711.22,8752.31
2012/6/19,8692.82,8712.86,8630.66,8655.87
2012/6/18,8723.55,8766.56,8711.49,8721.02
2012/6/15,8608.43,8625.19,8552.75,8569.32
2012/6/14,8531.4,8592.17,8520.99,8568.89
2012/6/13,8557.57,8615.89,8554.14,8587.84
2012/6/12,8478.78,8575.87,8452.5,8536.72
2012/6/11,8612.14,8665.8,8594.58,8624.9
2012/6/8,8609.78,8611.93,8427.2,8459.26
2012/6/7,8639.25,8647.79,8599.64,8639.72
2012/6/6,8428.36,8549,8412.55,8533.53
2012/6/5,8331.02,8388.14,8306.93,8382
2012/6/4,8278.65,8303.35,8238.96,8295.63
2012/6/1,8465.47,8487.44,8422.5,8440.25
2012/5/31,8499.68,8542.73,8455.13,8542.73
2012/5/30,8637.95,8656.71,8568.97,8633.19
2012/5/29,8565.56,8657.08,8517.18,8657.08
2012/5/28,8604.99,8624.51,8568.87,8593.15
2012/5/25,8616.85,8616.85,8550.93,8580.39
2012/5/24,8537.99,8597.85,8496.61,8563.38
2012/5/23,8715.14,8715.14,8538.69,8556.6
2012/5/22,8721.59,8740.48,8690.47,8729.29
2012/5/21,8617.92,8676.2,8608.62,8633.89
2012/5/18,8727.58,8735.54,8588.16,8611.31
2012/5/17,8789.47,8885.08,8765.71,8876.59
2012/5/16,8865.78,8883.73,8756.07,8801.17
2012/5/15,8910.85,8930.78,8838.78,8900.74
2012/5/14,8986.22,9031.09,8947.82,8973.84
2012/5/11,9019.4,9050.61,8944.63,8953.31
2012/5/10,9013.26,9075.63,8985.9,9009.65
2012/5/9,9112.72,9115.94,9021.2,9045.06
2012/5/8,9190.5,9207.56,9159.47,9181.65
2012/5/7,9198.17,9206.45,9109.01,9119.14
2012/5/2,9397.87,9417.96,9344.53,9380.25
2012/5/1,9471.66,9472.25,9332.79,9350.95
2012/4/27,9564.4,9691.7,9463.6,9520.89
2012/4/26,9613.16,9630.97,9531.03,9561.83
2012/4/25,9578.42,9582.73,9530.02,9561.01
2012/4/24,9466.08,9510.7,9423.3,9468.04
2012/4/23,9599.2,9643.27,9520.98,9542.17
2012/4/20,9574.99,9580.87,9532.68,9561.36
2012/4/19,9578.68,9617.93,9565.83,9588.38
2012/4/18,9594.3,9682.88,9594.3,9667.26
2012/4/17,9476.15,9519.8,9455.32,9464.71
2012/4/16,9522.7,9532.91,9464.49,9470.64
2012/4/13,9613.19,9690.29,9603.97,9637.99
2012/4/12,9486.19,9541.04,9449.49,9524.79
2012/4/11,9398.6,9487.84,9388.14,9458.74
2012/4/10,9583.36,9648.12,9509.72,9538.02
2012/4/9,9565.31,9618.1,9535.33,9546.26
2012/4/6,9710.25,9739.59,9659.16,9688.45
2012/4/5,9737.5,9806.4,9692.7,9767.61
2012/4/4,10045.88,10059.19,9819.99,9819.99
2012/4/3,10082.21,10084.07,10040.99,10050.39
2012/4/2,10161.72,10190.35,10109.87,10109.87
2012/3/30,10089.1,10111.09,10033.19,10083.56
2012/3/29,10134.78,10147.04,10084.77,10114.79
2012/3/28,10153.51,10197.8,10124.28,10182.57
2012/3/27,10152.9,10255.15,10152.25,10255.15
2012/3/26,10040.1,10056.2,10016.05,10018.24
2012/3/23,10014.87,10031.96,9999.37,10011.47
2012/3/22,10055.16,10136.85,10052.5,10127.08
2012/3/21,10100.87,10132.02,10073.9,10086.49
2012/3/19,10150.85,10172.64,10134.48,10141.99
2012/3/16,10110.57,10148.47,10090.09,10129.83
2012/3/15,10115.4,10158.74,10077.55,10123.28
2012/3/14,10064.12,10115.79,10050.52,10050.52
2012/3/13,9921.25,10011.88,9888.3,9899.08
2012/3/12,10015.92,10021.51,9889.86,9889.86
2012/3/9,9911.07,10007.62,9853.18,9929.74
2012/3/8,9674.94,9768.96,9659.15,9768.96
2012/3/7,9509.1,9603.19,9509.1,9576.06
2012/3/6,9704.61,9732.89,9602.84,9637.63
2012/3/5,9756.98,9792.14,9673.75,9698.59
2012/3/2,9797.05,9803.75,9729.24,9777.03
2012/3/1,9771.34,9865.75,9666.02,9707.37
2012/2/29,9771.62,9866.41,9706.22,9723.24
2012/2/28,9567.12,9722.52,9528.77,9722.52
2012/2/27,9726.2,9736.11,9628.25,9633.93
2012/2/24,9594.85,9647.38,9576.21,9647.38
2012/2/23,9549.77,9609.84,9513.65,9595.57
2012/2/22,9459.74,9564.05,9442.58,9554
2012/2/21,9458.68,9517.04,9440.41,9463.02
2012/2/20,9534.03,9549.31,9462.67,9485.09
2012/2/17,9371.12,9435.03,9369.25,9384.17
2012/2/16,9232.38,9308.93,9214.23,9238.1
2012/2/15,9108.84,9314.37,9107.68,9260.34
2012/2/14,8978.72,9072.08,8972.74,9052.07
2012/2/13,8954.03,9023.5,8948.54,8999.18
2012/2/10,9010.53,9016.97,8947.17,8947.17
2012/2/9,8996.13,9018.49,8942.87,9002.24
2012/2/8,8971.88,9015.59,8956.78,9015.59
2012/2/7,8904.16,8928.44,8887.19,8917.52
2012/2/6,8939.99,8949.32,8916.94,8929.2
2012/2/3,8849.17,8877.57,8825.98,8831.93
2012/2/2,8865.28,8893.22,8849.25,8876.82
2012/2/1,8789.06,8830.28,8780.1,8809.79
2012/1/31,8781.44,8836.68,8776.65,8802.51
2012/1/30,8803.79,8832.48,8774.23,8793.05
2012/1/27,8851.02,8886.02,8810.89,8841.22
2012/1/26,8890.49,8894.6,8834.93,8849.47
2012/1/25,8842.01,8911.62,8816.09,8883.69
2012/1/24,8815.36,8825.09,8768.51,8785.33
2012/1/23,8753.91,8795.27,8744.54,8765.9
2012/1/20,8751.18,8791.39,8725.32,8766.36
2012/1/19,8596.68,8668.94,8596.68,8639.68
2012/1/18,8458.29,8595.78,8446.09,8550.58
2012/1/17,8420.12,8475.66,8413.22,8466.4
2012/1/16,8409.79,8409.79,8352.23,8378.36
2012/1/13,8471.1,8509.76,8458.68,8500.02
2012/1/12,8423.1,8426.83,8360.33,8385.59
2012/1/11,8440.96,8463.72,8426.03,8447.88
2012/1/10,8422.99,8450.59,8405.18,8422.26
2012/1/6,8488.98,8488.98,8349.33,8390.35
2012/1/5,8515.66,8519.16,8481.83,8488.71
2012/1/4,8549.54,8581.45,8547.7,8560.11
2011/12/30,8434.9,8455.35,8415.56,8455.35
2011/12/29,8367.71,8404.89,8330.87,8398.89
2011/12/28,8426.09,8456.66,8414.9,8423.62
2011/12/27,8443,8458.26,8428.53,8440.56
2011/12/26,8504.46,8516.53,8477.37,8479.34
2011/12/22,8429.54,8436.59,8383.96,8395.16
2011/12/21,8442.74,8471.11,8440.89,8459.98
2011/12/20,8318.03,8354.9,8317.73,8336.48
2011/12/19,8363.39,8364.93,8272.26,8296.12
2011/12/16,8416.21,8433.18,8390.98,8401.72
2011/12/15,8449.05,8455.32,8374.25,8377.37
2011/12/14,8513.77,8540.57,8486.37,8519.13
2011/12/13,8535.52,8594.32,8518.8,8552.81
2011/12/12,8652.98,8682.47,8633.35,8653.82
2011/12/9,8521.33,8576.68,8503.03,8536.46
2011/12/8,8664.35,8688.81,8625.19,8664.58
2011/12/7,8629.19,8729.81,8614.21,8722.17
2011/12/6,8644.97,8671.54,8571.09,8575.16
2011/12/5,8697.78,8704.48,8668.04,8695.98
2011/12/2,8603.23,8643.75,8591.93,8643.75
2011/12/1,8581.2,8653.88,8577.09,8597.38
2011/11/30,8407.63,8435.34,8361.69,8434.61
2011/11/29,8371.01,8477.82,8351.38,8477.82
2011/11/28,8269.91,8322.01,8259.71,8287.49
2011/11/25,8138.19,8199.67,8135.79,8160.01
2011/11/24,8189.42,8212.95,8157.39,8165.18
2011/11/22,8263.86,8350.35,8261.01,8314.74
2011/11/21,8349.05,8375.6,8343.93,8348.27
2011/11/18,8374.16,8398.8,8359.6,8374.91
2011/11/17,8421.88,8491.82,8400.22,8479.63
2011/11/16,8546.75,8567.64,8459.3,8463.16
2011/11/15,8546.99,8584.3,8527.63,8541.93
2011/11/14,8631.28,8655.31,8595.43,8603.7
2011/11/11,8545.92,8566.49,8485.77,8514.47
2011/11/10,8597.28,8600.21,8500.67,8500.8
2011/11/9,8724.6,8762.98,8678.78,8755.44
2011/11/8,8744.36,8772.04,8644,8655.51
2011/11/7,8771.82,8779.55,8741.25,8767.09
2011/11/4,8761.27,8814.71,8729.08,8801.4
2011/11/2,8719.92,8719.92,8640.42,8640.42
2011/11/1,8880.75,8946,8831.69,8835.52
2011/10/31,9011.18,9152.39,8988.39,8988.39
2011/10/28,9059.04,9086.43,9003.09,9050.47
2011/10/27,8779.4,8926.54,8731.77,8926.54
2011/10/26,8673.85,8798.8,8642.56,8748.47
2011/10/25,8866.43,8870.37,8755.38,8762.31
2011/10/24,8764.92,8844.28,8762.02,8843.98
2011/10/21,8679.04,8700.49,8652.26,8678.89
2011/10/20,8733.6,8733.6,8672.21,8682.15
2011/10/19,8808.25,8831.55,8745.36,8772.54
2011/10/18,8758.74,8773.99,8727.39,8741.91
2011/10/17,8881.44,8911.7,8856.58,8879.6
2011/10/14,8782.91,8787.89,8733.71,8747.96
2011/10/13,8832.81,8854.16,8808.73,8823.25
2011/10/12,8719.67,8763.02,8689.38,8738.9
2011/10/11,8733.54,8806.44,8725.62,8773.68
2011/10/7,8593.22,8663.57,8589.36,8605.62
2011/10/6,8463.83,8545.79,8463.83,8522.02
2011/10/5,8491.43,8501.03,8343.01,8382.98
2011/10/4,8426.39,8470.76,8359.24,8456.12
2011/10/3,8567.98,8577.52,8455.67,8545.48
2011/9/30,8713.91,8756,8653.62,8700.29
2011/9/29,8527.64,8706.14,8501.42,8701.23
2011/9/28,8607.92,8665.54,8595.85,8615.65
2011/9/27,8496.33,8609.95,8479.05,8609.95
2011/9/26,8547.62,8556.66,8359.7,8374.13
2011/9/22,8643.02,8643.02,8545.46,8560.26
2011/9/21,8717,8771.62,8707.16,8741.16
2011/9/20,8763.61,8771.72,8704.23,8721.24
2011/9/16,8785.28,8864.16,8774.16,8864.16
2011/9/15,8645.38,8695.95,8634.02,8668.86
2011/9/14,8623.55,8671.24,8499.34,8518.57
2011/9/13,8588.74,8635.88,8549.06,8616.55
2011/9/12,8578.71,8584.05,8520.97,8535.67
2011/9/9,8739.49,8803.75,8726.25,8737.66
2011/9/8,8863.24,8876.49,8757.58,8793.12
2011/9/7,8723.05,8773.26,8702.78,8763.41
2011/9/6,8687.11,8709.92,8588.34,8590.57
2011/9/5,8828.46,8842.56,8757.18,8784.46
2011/9/2,8980.56,9014.27,8914.65,8950.74
2011/9/1,9017.01,9098.15,8998.01,9060.8
2011/8/31,8938.31,8967.8,8905.52,8955.2
2011/8/30,8958.5,8992.86,8935.85,8953.9
2011/8/29,8802.25,8926.27,8751.29,8851.35
2011/8/26,8746.77,8805.1,8742.46,8797.78
2011/8/25,8748.01,8849.94,8741.74,8772.36
2011/8/24,8812.16,8825.27,8620.89,8639.61
2011/8/23,8703.31,8747.41,8630.49,8733.01
2011/8/22,8686.91,8756.1,8619.21,8628.13
2011/8/19,8771.7,8796.42,8707.47,8719.24
2011/8/18,9043.18,9043.18,8931.25,8943.76
2011/8/17,9047.89,9081.8,9003.7,9057.26
2011/8/16,9135.06,9150.31,9072.53,9107.43
2011/8/15,9082.53,9117.11,9032.84,9086.41
2011/8/12,9064.17,9070.27,8926.89,8963.72
2011/8/11,8876.54,8983.33,8832.42,8981.94
2011/8/10,9110.81,9144.33,9021.36,9038.74
2011/8/9,8911.8,8949.97,8656.79,8944.48
2011/8/8,9169.67,9215.09,9057.29,9097.56
2011/8/5,9469.16,9469.16,9264.09,9299.88
2011/8/4,9685.5,9768.4,9615.35,9659.18
2011/8/3,9705.02,9705.02,9610.38,9637.14
2011/8/2,9872.17,9873.46,9822.3,9844.59
2011/8/1,9907.04,10040.13,9906.17,9965.01
2011/7/29,9866.82,9914.22,9824.34,9833.03
2011/7/28,9936.97,9945.98,9853.85,9901.35
2011/7/27,10048.34,10053.5,10009.37,10047.19
2011/7/26,10078.48,10130.25,10043.99,10097.72
2011/7/25,10080.82,10091.02,10039.1,10050.01
2011/7/22,10096.89,10149.18,10076.53,10132.11
2011/7/21,10019.94,10026.18,9974,10010.39
2011/7/20,10008,10042.75,9986.33,10005.9
2011/7/19,9921.5,9945.72,9889.72,9889.72
2011/7/15,9919.59,9985.32,9919.1,9974.47
2011/7/14,9929.18,9998.49,9884,9936.12
2011/7/13,9891.11,9979.67,9887.33,9963.14
2011/7/12,9943.32,9971.14,9907.81,9925.92
2011/7/11,10069.01,10109.3,10057.77,10069.53
2011/7/8,10205.71,10207.91,10126.47,10137.73
2011/7/7,10047.15,10102.19,10029.33,10071.14
2011/7/6,9987.25,10082.48,9967.87,10082.48
2011/7/5,9959.39,9995.17,9948.38,9972.46
2011/7/4,9980.16,10005.75,9940.47,9965.09
2011/7/1,9878.69,9900.57,9849.64,9868.07
2011/6/30,9838.09,9849.69,9785.89,9816.09
2011/6/29,9767.91,9797.26,9734.66,9797.26
2011/6/28,9668.01,9703.41,9632.54,9648.98
2011/6/27,9633.92,9638.49,9570.58,9578.31
2011/6/24,9626.43,9695.09,9609.24,9678.71
2011/6/23,9557.72,9652.41,9553.3,9596.74
2011/6/22,9525.25,9658.62,9525.25,9629.43
2011/6/21,9420.43,9459.66,9378.36,9459.66
2011/6/20,9383.24,9421.38,9346.76,9354.32
2011/6/17,9443.32,9447.44,9318.62,9351.4
2011/6/16,9478.63,9497.59,9411.28,9411.28
2011/6/15,9589.54,9599.9,9520.93,9574.32
2011/6/14,9446.84,9565.65,9438.41,9547.79
2011/6/13,9405.16,9466.51,9391.26,9448.21
2011/6/10,9536.84,9613.75,9493.05,9514.44
2011/6/9,9411.71,9472.41,9383.12,9467.15
2011/6/8,9428.62,9458.43,9394.74,9449.46
2011/6/7,9371.21,9454.66,9358.31,9442.95
2011/6/6,9467.37,9490.55,9359.78,9380.35
2011/6/3,9550.59,9603.03,9490.68,9492.21
2011/6/2,9560.63,9575.01,9517.28,9555.04
2011/6/1,9708.05,9720.73,9659.31,9719.61
2011/5/31,9500.6,9697.35,9497.4,9693.73
2011/5/30,9489.78,9540.02,9448,9504.97
2011/5/27,9514.16,9588.7,9493.44,9521.94
2011/5/26,9499.45,9567.46,9489.12,9562.05
2011/5/25,9492.43,9503.77,9415.33,9422.88
2011/5/24,9406.04,9490.35,9406.04,9477.17
2011/5/23,9547.86,9547.86,9437.87,9460.63
2011/5/20,9612.87,9670.92,9600.48,9607.08
2011/5/19,9711.32,9731.12,9600.81,9620.82
2011/5/18,9602.88,9693.6,9590.4,9662.08
2011/5/17,9513.5,9593.13,9502.39,9567.02
2011/5/16,9571.13,9598.33,9552.86,9558.3
2011/5/13,9751.45,9751.45,9552.93,9648.77
2011/5/12,9770.71,9836.71,9716.65,9716.65
2011/5/11,9912.48,9929.04,9842.67,9864.26
2011/5/10,9804.27,9853.13,9755.93,9818.76
2011/5/9,9881.67,9897.88,9776.74,9794.38
2011/5/6,9851.15,9876.1,9782.66,9859.2
2011/5/2,9964.39,10017.47,9936.27,10004.2
2011/4/28,9749.36,9849.74,9712.58,9849.74
2011/4/27,9631.53,9728.03,9630.37,9691.84
2011/4/26,9627.43,9627.43,9536.51,9558.69
2011/4/25,9705.9,9748.4,9657.24,9671.96
2011/4/22,9623,9732.63,9611.38,9682.21
2011/4/21,9686.27,9725.12,9643.92,9685.77
2011/4/20,9536.79,9631,9519.36,9606.82
2011/4/19,9448.65,9478.87,9405.19,9441.03
2011/4/18,9593.41,9608.92,9539.03,9556.65
2011/4/15,9646.22,9651.96,9577.96,9591.52
2011/4/14,9579.79,9676.97,9553.75,9653.92
2011/4/13,9516.5,9655.83,9516.5,9641.18
2011/4/12,9603.5,9603.64,9513.27,9555.26
2011/4/11,9731.32,9775.6,9700.75,9719.7
2011/4/8,9586.17,9804.28,9536.68,9768.08
2011/4/7,9652.65,9687.18,9578.47,9590.93
2011/4/6,9668.11,9671.46,9562.16,9584.37
2011/4/5,9732.26,9732.26,9566.05,9615.55
2011/4/4,9773.91,9808.6,9718.89,9718.89
2011/4/1,9757.28,9822.06,9698.6,9708.39
2011/3/31,9765.28,9765.81,9658.64,9755.1
2011/3/30,9489.51,9708.79,9479.03,9708.79
2011/3/29,9348.6,9502.23,9317.38,9459.08
2011/3/28,9541.76,9541.76,9405.2,9478.53
2011/3/25,9565.49,9569.71,9469.37,9536.13
2011/3/24,9479.77,9509.85,9418.71,9435.01
2011/3/23,9590.38,9592.4,9387.95,9449.47
2011/3/22,9403.05,9625.03,9395.85,9608.32
2011/3/18,9083.95,9275.6,9073.25,9206.75
2011/3/17,8913.35,9093.61,8639.56,8962.67
2011/3/16,8767.2,9168.51,8763.95,9093.72
2011/3/15,9441.66,9441.66,8227.63,8605.15
2011/3/14,10044.17,10049.92,9578.65,9620.49
2011/3/11,10298.64,10378.55,10254.43,10254.43
2011/3/10,10544.13,10549.17,10410.1,10434.38
2011/3/9,10607.23,10662.07,10563.82,10589.5
2011/3/8,10513.08,10565.1,10509.23,10525.19
2011/3/7,10626.97,10626.97,10472.51,10505.02
2011/3/4,10730.91,10768.43,10664.37,10693.66
2011/3/3,10529.77,10593.34,10522.4,10586.02
2011/3/2,10609.28,10629.5,10492.38,10492.38
2011/3/1,10676.24,10754.03,10672.91,10754.03
2011/2/28,10504.54,10628.76,10448.83,10624.09
2011/2/25,10475.78,10532.21,10454.46,10526.76
2011/2/24,10533.2,10542.7,10428.38,10452.71
2011/2/23,10588.82,10666.72,10569.93,10579.1
2011/2/22,10745.52,10761.22,10639.78,10664.7
2011/2/21,10820.78,10859.39,10789.41,10857.53
2011/2/18,10829.15,10862.43,10810.12,10842.8
2011/2/17,10882.91,10891.6,10820.48,10836.64
2011/2/16,10758.86,10842.31,10752.61,10808.29
2011/2/15,10738.81,10760.99,10712.49,10746.67
2011/2/14,10689.65,10725.54,10674.44,10725.54
2011/2/10,10574.8,10631.94,10570.62,10605.65
2011/2/9,10686.72,10701.92,10599.5,10617.83
2011/2/8,10645.03,10648.8,10623.7,10635.98
2011/2/7,10641.3,10644.21,10572.72,10592.04
2011/2/4,10526.39,10580.36,10524.13,10543.52
2011/2/3,10424.68,10450.46,10409.84,10431.36
2011/2/2,10368.48,10479.75,10366.96,10457.36
2011/2/1,10281.55,10299.38,10245.75,10274.5
2011/1/31,10219.98,10265.96,10182.57,10237.92
2011/1/28,10460.29,10480.08,10332.65,10360.34
2011/1/27,10466.34,10496.4,10421.75,10478.66
2011/1/26,10410.29,10440.35,10392.46,10401.9
2011/1/25,10374.64,10480.24,10355.8,10464.42
2011/1/24,10318.6,10347.94,10278.81,10345.11
2011/1/21,10459.04,10461.07,10257.99,10274.52
2011/1/20,10492.32,10505.63,10421.83,10437.31
2011/1/19,10567.88,10580.68,10534.02,10557.1
2011/1/18,10461.04,10548.21,10456.71,10518.98
2011/1/17,10562.09,10562.39,10482.69,10502.86
2011/1/14,10502.77,10579.97,10497.26,10499.04
2011/1/13,10593.46,10620.57,10565.28,10589.76
2011/1/12,10562.28,10576.51,10502.96,10512.8
2011/1/11,10484.62,10538.39,10476.29,10510.68
2011/1/7,10506.72,10550.71,10503.02,10541.04
2011/1/6,10477.52,10530.11,10477.52,10529.76
2011/1/5,10387.95,10413.45,10358.01,10380.77
2011/1/4,10352.19,10409.17,10321.28,10398.1
2010/12/30,10303.13,10315.47,10209.93,10228.92
2010/12/29,10282.84,10344.54,10276.61,10344.54
2010/12/28,10330.01,10340.84,10292.63,10292.63
2010/12/27,10292.84,10376.91,10292.84,10355.99
2010/12/24,10275.97,10290.89,10264.06,10279.19
2010/12/22,10348.48,10394.22,10327.6,10346.48
2010/12/21,10277.14,10372.51,10266.29,10370.53
2010/12/20,10296.55,10301.15,10182.74,10216.41
2010/12/17,10307.17,10327.42,10280.8,10303.83
2010/12/16,10297.55,10347.39,10282.54,10311.29
2010/12/15,10338.14,10340.69,10282.85,10309.78
2010/12/14,10272.7,10319.24,10267.22,10316.77
2010/12/13,10212.52,10293.89,10199.73,10293.89
2010/12/10,10373.7,10373.7,10194.27,10211.95
2010/12/9,10277.87,10298.25,10240.11,10285.88
2010/12/8,10200.16,10258.9,10184.32,10232.33
2010/12/7,10152.92,10167.1,10094.41,10141.1
2010/12/6,10175.23,10179.82,10143.58,10167.23
2010/12/3,10231.78,10254,10154.99,10178.32
2010/12/2,10151.15,10187.59,10143.08,10168.52
2010/12/1,9939.8,9988.05,9918.55,9988.05
2010/11/30,10070.31,10101.42,9937.04,9937.04
2010/11/29,10075.66,10149.94,10044.01,10125.99
2010/11/26,10078.09,10134.64,10039.56,10039.56
2010/11/25,10117.85,10123.27,10038.79,10079.76
2010/11/24,9942.54,10064.31,9904.92,10030.11
2010/11/22,10133.48,10157.97,10091.99,10115.19
2010/11/19,10124.84,10130.23,10019.08,10022.39
2010/11/18,9820.6,10013.63,9798.56,10013.63
2010/11/17,9693.21,9817.37,9693.21,9811.66
2010/11/16,9892.82,9908.3,9774.12,9797.1
2010/11/15,9782.11,9830.59,9744.99,9827.51
2010/11/12,9810.3,9851.42,9724.81,9724.81
2010/11/11,9878.11,9885.37,9834.82,9861.46
2010/11/10,9748.61,9842.9,9747.03,9830.52
2010/11/9,9667.44,9726.6,9659.86,9694.49
2010/11/8,9699.79,9737.01,9677.87,9732.92
2010/11/5,9500.6,9680.68,9497.45,9625.99
2010/11/4,9282.79,9377.76,9276.71,9358.78
2010/11/2,9140.28,9172.03,9123.62,9159.98
2010/11/1,9166.85,9258.32,9134.47,9154.72
2010/10/29,9327.25,9337.92,9179.15,9202.45
2010/10/28,9368.61,9413.68,9350.44,9366.03
2010/10/27,9436.01,9453.79,9329.86,9387.03
2010/10/26,9386.55,9455.04,9362.13,9377.38
2010/10/25,9424.44,9460.7,9392.68,9401.16
2010/10/22,9404.09,9457.62,9390.14,9426.71
2010/10/21,9443.95,9479.25,9326.78,9376.48
2010/10/20,9399.65,9402.05,9316.97,9381.6
2010/10/19,9490.09,9575.14,9489.68,9539.45
2010/10/18,9517.68,9564.85,9471.48,9498.49
2010/10/15,9551.21,9553.57,9478.64,9500.25
2010/10/14,9515.17,9614.44,9481.51,9583.51
2010/10/13,9473.78,9510.19,9393.52,9403.51
2010/10/12,9648.59,9650.2,9387.73,9388.64
2010/10/8,9675.59,9675.59,9588.88,9588.88
2010/10/7,9661.09,9716.92,9649.17,9684.81
2010/10/6,9588.47,9693.74,9567,9691.43
2010/10/5,9337.43,9538.35,9332.19,9518.76
2010/10/4,9410.92,9508.36,9358.82,9381.06
2010/10/1,9440.52,9470.36,9358.62,9404.23
2010/9/30,9554.83,9566.84,9369.35,9369.35
2010/9/29,9530.05,9600.93,9502.34,9559.38
2010/9/28,9547.03,9553.91,9471.35,9495.76
2010/9/27,9557.37,9613.47,9539.12,9603.14
2010/9/24,9435.04,9601.77,9415.96,9471.67
2010/9/22,9563.2,9625.41,9546.82,9566.32
2010/9/21,9700.88,9704.25,9579.83,9602.11
2010/9/17,9581.65,9643.28,9554.36,9626.09
2010/9/16,9613.89,9620.9,9479.63,9509.5
2010/9/15,9243.48,9578.53,9199.08,9516.56
2010/9/14,9319.5,9330.05,9258.18,9299.31
2010/9/13,9325.64,9390.9,9317.3,9321.82
2010/9/10,9132.25,9291.5,9132.25,9239.17
2010/9/9,9120.54,9136.26,9069.93,9098.39
2010/9/8,9098.86,9105.89,8997.63,9024.6
2010/9/7,9232.02,9311.02,9206.81,9226
2010/9/6,9199.99,9303,9173.38,9301.32
2010/9/3,9097.59,9141.09,9050.83,9114.13
2010/9/2,9069.62,9083.37,8958.81,9062.84
2010/9/1,8833.32,8932.15,8796.45,8927.02
2010/8/31,8998.8,9008.36,8819.26,8824.06
2010/8/30,9141.45,9280.7,9117.87,9149.26
2010/8/27,8811.47,9021.75,8810.46,8991.06
2010/8/26,8908.02,8910.62,8834.09,8906.48
2010/8/25,8904.44,8949.41,8807.41,8845.39
2010/8/24,9024.6,9069.22,8983.52,8995.14
2010/8/23,9147.24,9171.42,9090.96,9116.69
2010/8/20,9239.36,9287.5,9169.17,9179.38
2010/8/19,9242.84,9362.68,9242.84,9362.68
2010/8/18,9261.5,9280.59,9153.42,9240.54
2010/8/17,9089.85,9188.48,9084.24,9161.68
2010/8/16,9145.22,9210.97,9095.94,9196.67
2010/8/13,9214.81,9278.46,9163.25,9253.46
2010/8/12,9125.49,9212.59,9065.94,9212.59
2010/8/11,9423.03,9445.04,9283.6,9292.85
2010/8/10,9629.97,9667.04,9505.34,9551.05
2010/8/9,9535.51,9572.83,9523.63,9572.49
2010/8/6,9560.65,9658.04,9545.41,9642.12
2010/8/5,9640.34,9688.87,9578.31,9653.92
2010/8/4,9606.82,9613.13,9474.67,9489.34
2010/8/3,9716.57,9750.88,9632.86,9694.01
2010/8/2,9574.64,9676.41,9548.86,9570.31
2010/7/30,9658.61,9658.61,9505.64,9537.3
2010/7/29,9653.51,9732.76,9648.97,9696.02
2010/7/28,9614.47,9760.31,9614.47,9753.27
2010/7/27,9512.67,9541.59,9487.65,9496.85
2010/7/26,9520.73,9561.82,9493.61,9503.66
2010/7/23,9380.12,9474.11,9367.3,9430.96
2010/7/22,9216.28,9254.19,9176.12,9220.88
2010/7/21,9404.07,9404.07,9230.84,9278.83
2010/7/20,9267.24,9378.91,9247.76,9300.46
2010/7/16,9600.88,9636.84,9392.21,9408.36
2010/7/15,9701.14,9726.94,9667,9685.53
2010/7/14,9707.5,9807.36,9693.33,9795.24
2010/7/13,9592.87,9629.98,9502.24,9537.23
2010/7/12,9540.47,9632.89,9533.56,9548.11
2010/7/9,9601.62,9610.59,9516.97,9585.32
2010/7/8,9462.82,9545.99,9456.19,9535.74
2010/7/7,9322.56,9329.64,9223.8,9279.65
2010/7/6,9158.28,9351.11,9091.7,9338.04
2010/7/5,9230,9282.9,9213.79,9266.78
2010/7/2,9234.56,9259.14,9160.47,9203.71
2010/7/1,9296.86,9297.45,9147.68,9191.6
2010/6/30,9396.45,9420.14,9347.07,9382.64
2010/6/29,9718.4,9760.02,9548.98,9570.67
2010/6/28,9758.91,9762.23,9679.17,9693.94
2010/6/25,9778.7,9794.98,9697.87,9737.48
2010/6/24,9902.62,10009.37,9893.75,9928.34
2010/6/23,9973,9975.01,9912.8,9923.7
2010/6/22,10131.91,10183.89,10105.48,10112.89
2010/6/21,10109.27,10251.9,10109.27,10238.01
2010/6/18,10027.98,10029.11,9965.16,9995.02
2010/6/17,10009.25,10053.45,9989.21,9999.4
2010/6/16,10043.1,10109.86,10033.24,10067.15
2010/6/15,9845.65,9911.73,9826.44,9887.89
2010/6/14,9824.93,9882.05,9819.95,9879.85
2010/6/11,9701.32,9764.73,9673.6,9705.25
2010/6/10,9476.78,9544.04,9437.47,9542.65
2010/6/9,9475.57,9487.91,9378.23,9439.13
2010/6/8,9448.79,9587.65,9434.81,9537.94
2010/6/7,9705.36,9714.42,9502.62,9520.8
2010/6/4,9909.24,9962.42,9868.09,9901.19
2010/6/3,9758.82,9920.18,9758.82,9914.19
2010/6/2,9604.45,9763.41,9560.16,9603.24
2010/6/1,9747.26,9747.26,9658.44,9711.83
2010/5/31,9735.47,9831.73,9728.42,9768.7
2010/5/28,9806.06,9824.85,9699.14,9762.98
2010/5/27,9419.3,9642.16,9395.29,9639.72
2010/5/26,9567.35,9622.4,9477.45,9522.66
2010/5/25,9632.14,9642.6,9432.09,9459.89
2010/5/24,9754.99,9793.46,9693.07,9758.4
2010/5/21,9823.84,9829.36,9696.63,9784.54
2010/5/20,10121.85,10161.7,9999.59,10030.31
2010/5/19,10087.33,10186.84,10041.93,10186.84
2010/5/18,10313.14,10336.53,10197.74,10242.64
2010/5/17,10329.37,10331.87,10158.3,10235.76
2010/5/14,10453.4,10551.69,10390.77,10462.51
2010/5/13,10542.77,10638.23,10535.94,10620.55
2010/5/12,10465.03,10501.72,10345.19,10394.03
2010/5/11,10643.24,10643.28,10392.47,10411.1
2010/5/10,10399.05,10540.52,10362.34,10530.7
2010/5/7,10472.7,10472.77,10257.32,10364.59
2010/5/6,10847.9,10847.9,10682.61,10695.69
2010/4/30,11062.12,11092.52,11035.27,11057.4
2010/4/28,11005.51,11008.88,10882.4,10924.79
2010/4/27,11109.26,11213.45,11108.72,11212.66
2010/4/26,11039.59,11165.79,11035.66,11165.79
2010/4/23,10930.9,10967.12,10865.92,10914.46
2010/4/22,10988.01,10989.62,10866.23,10949.09
2010/4/21,11031.79,11093.3,11023.88,11090.05
2010/4/20,10960.11,10999.57,10890.82,10900.68
2010/4/19,10929.64,10953.9,10878.99,10908.77
2010/4/16,11230.53,11230.53,11084.72,11102.18
2010/4/15,11310.07,11316.66,11255.8,11273.79
2010/4/14,11213.46,11270.2,11161.01,11204.9
2010/4/13,11202.92,11212.65,11088.48,11161.23
2010/4/12,11300.79,11351.55,11248.57,11251.9
2010/4/9,11174.62,11204.87,11148.8,11204.34
2010/4/8,11179.67,11232.36,11159.45,11168.2
2010/4/7,11296.31,11350.57,11260.42,11292.83
2010/4/6,11350.7,11358.45,11217.25,11282.32
2010/4/5,11380.63,11408.17,11306.62,11339.3
2010/4/2,11274.18,11313.98,11235.98,11286.09
2010/4/1,11178.92,11272.73,11118.18,11244.4
2010/3/31,11138.72,11147.62,11085.55,11089.94
2010/3/30,11022.2,11108.82,11003.35,11097.14
2010/3/29,10909.98,10990.75,10901.2,10986.47
2010/3/26,10895.29,11001.59,10889.33,10996.37
2010/3/25,10857.81,10872.45,10808.71,10828.85
2010/3/24,10829.36,10880.62,10769.18,10815.03
2010/3/23,10793.05,10817.78,10766.65,10774.15
2010/3/19,10785.88,10826.76,10775.57,10824.72
2010/3/18,10841.71,10845.73,10731.66,10744.03
2010/3/17,10789.24,10864.3,10761.89,10846.98
2010/3/16,10718.63,10776.52,10716.2,10721.71
2010/3/15,10802.11,10808.84,10708.97,10751.98
2010/3/12,10777.49,10777.49,10699.3,10751.26
2010/3/11,10627.99,10664.95,10588.86,10664.95
2010/3/10,10555.85,10588.69,10547.34,10563.92
2010/3/9,10567.32,10593.27,10542.81,10567.65
2010/3/8,10538.12,10586.97,10514.28,10585.92
2010/3/5,10254.61,10376.41,10254.61,10368.96
2010/3/4,10255.69,10263.48,10134.37,10145.72
2010/3/3,10193.95,10274.09,10186.68,10253.14
2010/3/2,10199.19,10238.96,10150.3,10221.84
2010/3/1,10128.73,10215.15,10116.86,10172.06
2010/2/26,10107.08,10171.22,10085.13,10126.03
2010/2/25,10256.1,10267.43,10087.21,10101.96
2010/2/24,10205.15,10243.2,10129.65,10198.83
2010/2/23,10327.64,10375.55,10280.33,10352.1
2010/2/22,10302.07,10449.75,10298.15,10400.47
2010/2/19,10334.4,10354.42,10123.58,10123.58
2010/2/18,10324.98,10340.38,10285.05,10335.69
2010/2/17,10161.72,10306.83,10150.24,10306.83
2010/2/16,10044.53,10062.27,10019.43,10034.25
2010/2/15,10097.82,10119.47,10012.53,10013.3
2010/2/12,10085.35,10099.46,10014.5,10092.19
2010/2/10,10024.26,10049.87,9963.99,9963.99
2010/2/9,9876.61,9956.79,9867.39,9932.9
2010/2/8,10007.47,10063.53,9942.05,9951.82
2010/2/5,10162.34,10166.3,10036.33,10057.09
2010/2/4,10434.52,10438.41,10279.57,10355.98
2010/2/3,10428.12,10436.52,10356.03,10404.33
2010/2/2,10310.98,10396.48,10287.74,10371.09
2010/2/1,10212.36,10224.83,10129.91,10205.02
2010/1/29,10308.05,10324.37,10198.04,10198.04
2010/1/28,10309.73,10462.7,10296.98,10414.29
2010/1/27,10344.07,10373.82,10252.08,10252.08
2010/1/26,10506.15,10566.49,10324.98,10325.28
2010/1/25,10478.31,10557.64,10414.58,10512.69
2010/1/22,10740.21,10768.07,10528.33,10590.55
2010/1/21,10704.79,10886.64,10649.84,10868.41
2010/1/20,10834.91,10860.93,10724.57,10737.52
2010/1/19,10866.83,10866.83,10749.47,10764.9
2010/1/18,10887.61,10895.1,10781.03,10855.08
2010/1/15,10917.41,10982.1,10878.83,10982.1
2010/1/14,10778.07,10909.94,10774.25,10907.68
2010/1/13,10795.48,10866.62,10729.86,10735.03
2010/1/12,10770.35,10905.39,10763.68,10879.14
2010/1/8,10743.3,10816.45,10677.56,10798.32
2010/1/7,10742.75,10774,10636.67,10681.66
2010/1/6,10709.55,10768.61,10661.17,10731.45
2010/1/5,10719.44,10791.04,10655.57,10681.83
2010/1/4,10609.34,10694.49,10608.14,10654.79
2009/12/30,10707.51,10707.51,10546.44,10546.44
2009/12/29,10611.85,10683.12,10597.41,10638.06
2009/12/28,10521.81,10652.99,10513.55,10634.23
2009/12/25,10546.97,10546.97,10476.65,10494.71
2009/12/24,10413.37,10558.41,10413.37,10536.92
2009/12/22,10256,10378.03,10235.22,10378.03
2009/12/21,10196.71,10215.49,10183.47,10183.47
2009/12/18,10110.64,10157.25,10027.85,10142.05
2009/12/17,10199.92,10260.12,10163.8,10163.8
2009/12/16,10179.33,10222.22,10117.12,10177.41
2009/12/15,10053.45,10111.76,10033.9,10083.48
2009/12/14,10126.61,10126.61,10009.6,10105.68
2009/12/11,9958,10107.87,9916.21,10107.87
2009/12/10,9964.05,10035.92,9834.22,9862.82
2009/12/9,10048.94,10048.94,9985.97,10004.72
2009/12/8,10079.81,10149.32,10079.81,10140.47
2009/12/7,10131.9,10204.58,10106.31,10167.6
2009/12/4,10019.24,10022.59,9902.83,10022.59
2009/12/3,9707.02,9977.67,9707.02,9977.67
2009/12/2,9551.79,9643.32,9514.15,9608.94
2009/12/1,9281.82,9572.2,9233.2,9572.2
2009/11/30,9189.17,9353.74,9162.18,9345.55
2009/11/27,9257.2,9257.2,9076.41,9081.52
2009/11/26,9354.8,9457.24,9324.99,9383.24
2009/11/25,9381.9,9453.7,9366.33,9441.64
2009/11/24,9511,9511,9397.79,9401.58
2009/11/20,9460.21,9513.6,9423.66,9497.68
2009/11/19,9691.86,9691.86,9496.07,9549.47
2009/11/18,9723.23,9788.81,9631.83,9676.8
2009/11/17,9834.58,9847.64,9715.28,9729.93
2009/11/16,9784.14,9802.53,9725.81,9791.18
2009/11/13,9793.19,9805.2,9719.38,9770.31
2009/11/12,9921.45,9943.57,9788.49,9804.49
2009/11/11,9890.18,9949.71,9849.99,9871.68
2009/11/10,9904.68,9979.46,9857.1,9870.73
2009/11/9,9777.64,9845.9,9731.59,9808.99
2009/11/6,9812.73,9849.72,9767,9789.35
2009/11/5,9803.5,9825.82,9691.69,9717.44
2009/11/4,9785.28,9845,9767.91,9844.31
2009/11/2,9903.77,9904.61,9736.14,9802.95
2009/10/30,10006.84,10049.59,9984.33,10034.74
2009/10/29,9941.57,9945.41,9850.12,9891.1
2009/10/28,10182.14,10209.2,10060.39,10075.05
2009/10/27,10283.46,10290.92,10201.93,10212.46
2009/10/26,10271.84,10397.69,10250.84,10362.62
2009/10/23,10335.34,10364.17,10271.71,10282.99
2009/10/22,10251.09,10274.61,10159.66,10267.17
2009/10/21,10292.39,10350.45,10292.39,10333.39
2009/10/20,10329.3,10357.59,10307.59,10336.84
2009/10/19,10179.46,10264.44,10125.33,10236.51
2009/10/16,10276.4,10290.31,10216.14,10257.56
2009/10/15,10194.91,10272.62,10184.81,10238.65
2009/10/14,10096.01,10096.01,10016.24,10060.21
2009/10/13,10066.85,10116.72,10039.62,10076.56
2009/10/9,9893.63,10016.39,9857.39,10016.39
2009/10/8,9806.03,9863.34,9746.15,9832.47
2009/10/7,9750.24,9821.74,9735.68,9799.6
2009/10/6,9744.42,9744.42,9628.67,9691.8
2009/10/5,9733.07,9751.56,9669.31,9674.49
2009/10/2,9848.07,9852.17,9714.18,9731.87
2009/10/1,10072.64,10077.22,9965.06,9978.64
2009/9/30,10105.17,10138.04,10063.69,10133.23
2009/9/29,10089.11,10125.88,10059.87,10100.2
2009/9/28,10136.24,10151.6,9971.05,10009.52
2009/9/25,10395.45,10395.45,10228.6,10265.98
2009/9/24,10405.53,10566.98,10386.88,10544.22
2009/9/18,10379.21,10399.42,10292.5,10370.54
2009/9/17,10373.25,10443.8,10340.14,10443.8
2009/9/16,10288.72,10394.56,10247.24,10270.77
2009/9/15,10255.73,10292.47,10183.3,10217.62
2009/9/14,10388.32,10388.32,10170.74,10202.06
2009/9/11,10519.33,10522.23,10407.97,10444.33
2009/9/10,10385.35,10521.14,10382.99,10513.67
2009/9/9,10343.8,10390.25,10249.11,10312.14
2009/9/8,10353.51,10393.23,10300.5,10393.23
2009/9/7,10288.56,10326.45,10274.38,10320.94
2009/9/4,10256.49,10256.49,10143.26,10187.11
2009/9/3,10240.02,10290.83,10185.38,10214.64
2009/9/2,10378.08,10378.08,10215.6,10280.46
2009/9/1,10453.37,10577.19,10438.51,10530.06
2009/8/31,10608.16,10767,10423.9,10492.53
2009/8/28,10546.88,10560.44,10471.63,10534.14
2009/8/27,10570.78,10575.79,10400.83,10473.97
2009/8/26,10554.44,10668.74,10526.51,10639.71
2009/8/25,10515.57,10566.31,10469.69,10497.36
2009/8/24,10389.57,10591,10388.78,10581.05
2009/8/21,10375.22,10375.22,10142.22,10238.2
2009/8/20,10254.53,10407.3,10204.26,10383.41
2009/8/19,10269.97,10327.17,10195.11,10204
2009/8/18,10208.12,10325.06,10181.1,10284.96
2009/8/17,10521.02,10521.02,10268.61,10268.61
2009/8/14,10551.33,10630.38,10539.43,10597.33
2009/8/13,10508.09,10556.28,10489.12,10517.19
2009/8/12,10486.36,10526.35,10434.09,10435
2009/8/11,10514.74,10587.36,10512.21,10585.46
2009/8/10,10530.62,10585.37,10487.7,10524.26
2009/8/7,10365.71,10412.09,10249.04,10412.09
2009/8/6,10266.01,10426.14,10266.01,10388.09
2009/8/5,10405.05,10406.1,10252.53,10252.53
2009/8/4,10438.4,10479.19,10358.48,10375.01
2009/8/3,10355.23,10380.57,10322,10352.47
2009/7/31,10275.14,10359.07,10259.57,10356.83
2009/7/30,10155.71,10169.68,10067.51,10165.21
2009/7/29,10035.91,10161.95,10035.91,10113.24
2009/7/28,10116.89,10116.89,10049.63,10087.26
2009/7/27,10020.87,10179.59,10015.11,10088.66
2009/7/24,9909.4,9950.04,9863.87,9944.55
2009/7/23,9712.1,9861.29,9703.84,9792.94
2009/7/22,9642.79,9750.63,9608.77,9723.16
2009/7/21,9512.52,9652.02,9508.92,9652.02
2009/7/17,9413.86,9420.61,9360.59,9395.32
2009/7/16,9393.98,9489.67,9317.11,9344.16
2009/7/15,9307.45,9333.64,9250.73,9269.25
2009/7/14,9173.14,9284.38,9166.63,9261.81
2009/7/13,9242.13,9343.86,9050.33,9050.33
2009/7/10,9338.76,9370.15,9265.24,9287.28
2009/7/9,9342.33,9384.24,9291.06,9291.06
2009/7/8,9548.81,9557.39,9407.98,9420.75
2009/7/7,9713.62,9734.43,9619.68,9647.79
2009/7/6,9738.49,9771.76,9650.75,9680.87
2009/7/3,9751.69,9816.07,9691.16,9816.07
2009/7/2,9993.77,9993.77,9869.54,9876.15
2009/7/1,9889.34,10086.18,9874,9939.93
2009/6/30,9896.56,10000.3,9894.95,9958.44
2009/6/29,9866.28,9943.83,9748.73,9783.47
2009/6/26,9852.92,9893,9793.95,9877.39
2009/6/25,9628.18,9871.14,9619.02,9796.08
2009/6/24,9596.78,9624.41,9534.24,9590.32
2009/6/23,9695.76,9712.09,9511.45,9549.61
2009/6/22,9788.07,9887.13,9763.37,9826.27
2009/6/19,9757.85,9822.83,9703.87,9786.26
2009/6/18,9778.35,9778.35,9649.83,9703.72
2009/6/17,9705.73,9845.52,9705.73,9840.85
2009/6/16,9914.4,9941.5,9752.88,9752.88
2009/6/15,10126.55,10126.55,10029.59,10039.67
2009/6/12,10088.21,10170.82,10050.96,10135.82
2009/6/11,9992.98,10022.23,9958.98,9981.33
2009/6/10,9833.64,9991.49,9813.77,9991.49
2009/6/9,9824.17,9855.89,9755.81,9786.82
2009/6/8,9829.28,9914.07,9816.17,9865.63
2009/6/5,9752.51,9774.98,9719.14,9768.01
2009/6/4,9690.93,9743.46,9654.45,9668.96
2009/6/3,9723.82,9774.55,9718.7,9741.67
2009/6/2,9774.55,9793.47,9704.31,9704.31
2009/6/1,9517.49,9691.73,9491.26,9677.75
2009/5/29,9478.21,9522.5,9426.52,9522.5
2009/5/28,9353.33,9492.66,9353.33,9451.39
2009/5/27,9426.62,9491.13,9411.54,9438.77
2009/5/26,9364.22,9379.78,9231.93,9310.81
2009/5/25,9245.95,9402.76,9245.95,9347
2009/5/22,9156.14,9267.82,9126.69,9225.81
2009/5/21,9280.35,9286.35,9189.92,9264.15
2009/5/20,9372.72,9399.4,9311.61,9344.64
2009/5/19,9172.56,9326.75,9166.97,9290.29
2009/5/18,9167.05,9167.82,8997.74,9038.69
2009/5/15,9150.21,9272.08,9140.9,9265.02
2009/5/14,9212.3,9223.77,9052.41,9093.73
2009/5/13,9305.79,9379.47,9278.89,9340.49
2009/5/12,9358.25,9389.61,9298.61,9298.61
2009/5/11,9460.72,9503.91,9342.75,9451.98
2009/5/8,9351.4,9464.43,9349.57,9432.83
2009/5/7,9102.35,9385.7,9100.11,9385.7
2009/5/1,8848.84,9017.32,8827.13,8977.37
2009/4/30,8615.45,8844.77,8615.45,8828.26
2009/4/28,8678.28,8808.64,8493.77,8493.77
2009/4/27,8783.34,8840.53,8648.51,8726.34
2009/4/24,8832.1,8852.83,8694.92,8707.99
2009/4/23,8776.94,8860.55,8647.8,8847.01
2009/4/22,8777.53,8802.9,8683.27,8727.3
2009/4/21,8802.09,8802.09,8612.76,8711.33
2009/4/20,8899.59,8933.8,8813.72,8924.75
2009/4/17,8854.33,8953.34,8834.63,8907.58
2009/4/16,8848.43,9030,8720.62,8755.26
2009/4/15,8777.68,8800.52,8681.03,8742.96
2009/4/14,8955.9,8961.73,8749.92,8842.68
2009/4/13,8930.35,9024.45,8888.1,8924.43
2009/4/10,9041.23,9068.8,8856.69,8964.11
2009/4/9,8665.16,8920.86,8664.26,8916.06
2009/4/8,8746.73,8765.64,8556.75,8595.01
2009/4/7,8838.66,8884.45,8778.92,8832.85
2009/4/6,8856.84,8992.06,8812.36,8857.93
2009/4/3,8814.1,8884.63,8697.17,8749.84
2009/4/2,8453.73,8741.67,8449.87,8719.78
2009/4/1,8173.36,8351.91,8084.62,8351.91
2009/3/31,8199.43,8383.74,8088.45,8109.53
2009/3/30,8621.85,8651.06,8236.08,8236.08
2009/3/27,8711.72,8843.18,8626.97,8626.97
2009/3/26,8430.22,8640.28,8383.99,8636.33
2009/3/25,8499.69,8553.01,8392.56,8479.99
2009/3/24,8334.68,8504.41,8297.27,8488.3
2009/3/23,7943.14,8229.13,7922.55,8215.53
2009/3/19,8017.93,8034.09,7902.49,7945.96
2009/3/18,8006.86,8054.35,7895.28,7972.17
2009/3/17,7767.34,7967.03,7723.94,7949.13
2009/3/16,7630.2,7754.75,7630.2,7704.15
2009/3/13,7301.12,7571.45,7300.87,7569.28
2009/3/12,7320.45,7345.02,7198.25,7198.25
2009/3/11,7165.39,7393.81,7161.85,7376.12
2009/3/10,7059.77,7100.77,7021.28,7054.98
2009/3/9,7191.13,7241.02,7028.49,7086.03
2009/3/6,7328.29,7328.29,7167.07,7173.1
2009/3/5,7336.02,7532.87,7336.02,7433.49
2009/3/4,7146.71,7320.65,7104.63,7290.96
2009/3/3,7177.79,7288.14,7088.47,7229.72
2009/3/2,7454.28,7454.28,7234.96,7280.15
2009/2/27,7463.42,7589.77,7414.4,7568.42
2009/2/26,7470.6,7599.81,7433.06,7457.93
2009/2/25,7368.44,7471.03,7330.44,7461.22
2009/2/24,7266.68,7270.9,7155.16,7268.56
2009/2/23,7314.3,7417.18,7209.43,7376.16
2009/2/20,7544.07,7554.7,7382.33,7416.38
2009/2/19,7604.22,7642.69,7537.56,7557.65
2009/2/18,7539.96,7565.79,7479.18,7534.44
2009/2/17,7690.13,7710.43,7615.94,7645.51
2009/2/16,7732.68,7804.24,7694.73,7750.17
2009/2/13,7789.35,7887.74,7730.27,7779.4
2009/2/12,7842.53,7862.52,7685.68,7705.36
2009/2/10,8066.94,8124.79,7917.27,7945.94
2009/2/9,8178.07,8257.71,7969.03,7969.03
2009/2/6,8054.27,8169.04,8033.24,8076.62
2009/2/5,7985.53,8093.96,7901.04,7949.65
2009/2/4,7897.24,8084.97,7863.65,8038.94
2009/2/3,7862.95,8084.41,7800.8,7825.51
2009/2/2,7908.51,7955.75,7795.27,7873.98
2009/1/30,8142.88,8142.88,7922.39,7994.05
2009/1/29,8201.16,8305.38,8138.99,8251.24
2009/1/28,8052.25,8171.63,7936.59,8106.29
2009/1/27,7782.9,8115.15,7782.07,8061.07
2009/1/26,7714.26,7807.16,7671.04,7682.14
2009/1/23,7965.41,7965.41,7745.25,7745.25
2009/1/22,7988.3,8051.74,7809.89,8051.74
2009/1/21,7949.96,8009.22,7829.3,7901.64
2009/1/20,8187.14,8190.42,7962.46,8065.79
2009/1/19,8318.26,8351.68,8221.84,8256.85
2009/1/16,8125.2,8283.91,8067.47,8230.15
2009/1/15,8309.38,8309.38,7997.73,8023.31
2009/1/14,8425.75,8516.07,8359.16,8438.45
2009/1/13,8732.63,8732.93,8405.5,8413.91
2009/1/9,8932.71,8956.85,8773.2,8836.8
2009/1/8,9143.21,9148.83,8876.42,8876.42
2009/1/7,9133.8,9325.35,9106.05,9239.24
2009/1/6,9130.01,9171.03,9029.94,9080.84
2009/1/5,8991.21,9127.38,8987.36,9043.12
2008/12/30,8716.28,8859.56,8702.95,8859.56
2008/12/29,8726.31,8763.67,8638.6,8747.17
2008/12/26,8642.14,8740.76,8611.36,8739.52
2008/12/25,8531.51,8599.5,8531.16,8599.5
2008/12/24,8630.25,8631.83,8476.69,8517.1
2008/12/22,8602.5,8751.18,8593.76,8723.78
2008/12/19,8640.22,8743.22,8570.56,8588.52
2008/12/18,8565.16,8728.36,8534.84,8667.23
2008/12/17,8658.22,8741.24,8425.66,8612.52
2008/12/16,8608.4,8634.26,8471.24,8568.02
2008/12/15,8349.85,8700.17,8349.85,8664.66
2008/12/12,8599.12,8610.73,8087.99,8235.87
2008/12/11,8642.26,8720.55,8519.11,8720.55
2008/12/10,8376,8704.92,8376,8660.24
2008/12/9,8362.37,8499.6,8314.85,8395.87
2008/12/8,7970.69,8358.27,7959.01,8329.05
2008/12/5,7975.05,8024.33,7908.65,7917.51
2008/12/4,8030.2,8107.69,7849.84,7924.24
2008/12/3,7965.31,8056.38,7889.82,8004.1
2008/12/2,8266.32,8266.32,7863.69,7863.69
2008/12/1,8464.36,8464.36,8307.28,8397.22
2008/11/28,8400.05,8518.13,8336.57,8512.27
2008/11/27,8311.24,8458.68,8300.49,8373.39
2008/11/26,8229.72,8317.83,8149.56,8213.22
2008/11/25,8026.06,8356.83,8025.69,8323.93
2008/11/21,7600.35,7994.68,7406.18,7910.79
2008/11/20,8149.77,8149.79,7703.04,7703.04
2008/11/19,8309.35,8370.09,8115.71,8273.22
2008/11/18,8415.6,8440.41,8302.24,8328.41
2008/11/17,8366.88,8767.98,8218.82,8522.58
2008/11/14,8378.13,8689.85,8378.13,8462.39
2008/11/13,8564.47,8564.47,8148.3,8238.64
2008/11/12,8694.91,8782.48,8574.2,8695.51
2008/11/11,8965.29,9056.31,8704.56,8809.3
2008/11/10,8711.99,9106.29,8711.99,9081.43
2008/11/7,8774.49,8868.1,8266.09,8583
2008/11/6,9373.65,9380.3,8806.71,8899.14
2008/11/5,9224.05,9521.24,9216.3,9521.24
2008/11/4,8702.77,9142.29,8699.77,9114.6
2008/10/31,8958.22,9012.31,8576.98,8576.98
2008/10/30,8269.71,9030.85,8269.71,9029.76
2008/10/29,7741.52,8211.9,7741.52,8211.9
2008/10/28,7143.34,7626.42,6994.9,7621.92
2008/10/27,7568.36,7878.97,7141.27,7162.9
2008/10/24,8391.04,8391.04,7647.07,7649.08
2008/10/23,8547.79,8547.79,8016.61,8460.98
2008/10/22,9198.14,9198.14,8674.69,8674.69
2008/10/21,9139.26,9358.51,9135.41,9306.25
2008/10/20,8775.24,9038.45,8687.7,9005.59
2008/10/17,8579.57,8763.71,8539.51,8693.82
2008/10/16,9400.85,9400.85,8458.45,8458.45
2008/10/15,9390.5,9601.3,9269.49,9547.47
2008/10/14,8407.94,9455.62,8407.94,9447.57
2008/10/10,9016.34,9016.34,8115.41,8276.43
2008/10/9,9168.16,9443.45,9100.93,9157.49
2008/10/8,10011.64,10011.64,9159.81,9203.32
2008/10/7,10328.54,10363.14,9916.21,10155.9
2008/10/6,10817.27,10839.5,10374.38,10473.09
2008/10/3,11052.1,11099.73,10938.14,10938.14
2008/10/2,11423.13,11452.39,11143.79,11154.76
2008/10/1,11396.61,11456.64,11314.28,11368.26
2008/9/30,11565.7,11565.7,11160.83,11259.86
2008/9/29,11883.25,12062.67,11721.05,11743.61
2008/9/26,12026.34,12082.64,11788.73,11893.16
2008/9/25,11925.71,12025.41,11835.28,12006.53
2008/9/24,12031.98,12115.03,11904.6,12115.03
2008/9/22,12037.89,12263.95,12037.89,12090.59
2008/9/19,11631.6,11920.86,11615.2,11920.86
2008/9/18,11576.94,11577.88,11301.46,11489.3
2008/9/17,11737.62,11880.03,11708.7,11749.79
2008/9/16,12028.45,12028.45,11551.4,11609.72
2008/9/12,12256.78,12277.57,12059.09,12214.76
2008/9/11,12237.52,12259.02,12081.51,12102.5
2008/9/10,12249.14,12404.67,12159.97,12346.63
2008/9/9,12529.96,12529.96,12335.74,12400.65
2008/9/8,12359.93,12671.76,12352.35,12624.46
2008/9/5,12385.65,12385.65,12163.33,12212.23
2008/9/4,12627.64,12660.57,12514.26,12557.66
2008/9/3,12703.36,12767.5,12647.29,12689.59
2008/9/2,12779.89,12920.52,12491.07,12609.47
2008/9/1,12936.81,12940.55,12834.18,12834.18
2008/8/29,12925.45,13079.37,12918.49,13072.87
2008/8/28,12827.72,12847.46,12718.53,12768.25
2008/8/27,12734.39,12783.63,12681.98,12752.96
2008/8/26,12711.03,12801.21,12656.09,12778.71
2008/8/25,12797.54,12949.33,12797.54,12878.66
2008/8/22,12727.37,12732.69,12631.94,12666.04
2008/8/21,12885.34,12885.34,12723.83,12752.21
2008/8/20,12753.98,12923.66,12753.98,12851.69
2008/8/19,13016.5,13016.5,12782.1,12865.05
2008/8/18,12971.49,13270.37,12934.22,13165.45
2008/8/15,12991.91,13029.58,12952.21,13019.41
2008/8/14,12942.61,13090.68,12926.98,12956.8
2008/8/13,13205.64,13205.64,12953.34,13023.05
2008/8/12,13397.99,13420.1,13276.15,13303.6
2008/8/11,13259.46,13468.81,13259.46,13430.91
2008/8/8,13026.53,13259.73,12962.82,13168.41
2008/8/7,13257.99,13257.99,13034.15,13124.99
2008/8/6,13059.43,13295.51,13048.97,13254.89
2008/8/5,12957.01,13049.58,12893.34,12914.66
2008/8/4,13083.28,13113.94,12910.17,12933.18
2008/8/1,13276.57,13294.17,13039.21,13094.59
2008/7/31,13410.4,13467.67,13256.38,13376.81
2008/7/30,13267.37,13372.28,13264.08,13367.79
2008/7/29,13220.33,13220.33,13018.22,13159.45
2008/7/28,13407.36,13468.94,13327.12,13353.78
2008/7/25,13452.37,13469.83,13324.22,13334.76
2008/7/24,13411.28,13603.31,13393.57,13603.31
2008/7/23,13259.65,13388.63,13238.55,13312.93
2008/7/22,12944.56,13184.96,12921.02,13184.96
2008/7/18,12976.22,12999.64,12762.33,12803.7
2008/7/17,12889.8,12929.74,12852.93,12887.95
2008/7/16,12725.12,12815.4,12671.34,12760.8
2008/7/15,12902.13,12902.13,12715.81,12754.56
2008/7/14,13022.29,13185.9,12969.93,13010.16
2008/7/11,13063.5,13164.1,12918.22,13039.69
2008/7/10,12934.31,13139.85,12930.32,13067.21
2008/7/9,13169.89,13284.65,13038.77,13052.13
2008/7/8,13286.5,13294.97,12984.54,13033.1
2008/7/7,13212.8,13409.3,13169.55,13360.04
2008/7/4,13285.49,13288.55,13135.46,13237.89
2008/7/3,13161.78,13326.95,13118.89,13265.4
2008/7/2,13489.87,13489.87,13247.05,13286.37
2008/7/1,13514.86,13576.41,13448.35,13463.2
2008/6/30,13584.51,13598.48,13454.28,13481.38
2008/6/27,13605.26,13605.56,13453.35,13544.36
2008/6/26,13845.41,13950.56,13798.05,13822.32
2008/6/25,13820.78,13833.23,13635.68,13829.92
2008/6/24,13766.28,13877.49,13738.39,13849.56
2008/6/23,13769.44,13920.75,13667.84,13857.47
2008/6/20,14171.02,14190,13903.21,13942.08
2008/6/19,14324.71,14324.71,14069.16,14130.17
2008/6/18,14301.36,14469.99,14301.36,14452.82
2008/6/17,14387,14387,14299.67,14348.37
2008/6/16,14118.23,14369.09,14103.5,14354.37
2008/6/13,14011.12,14041.34,13810.38,13973.73
2008/6/12,14010.32,14010.32,13826.07,13888.6
2008/6/11,14137.54,14194.48,13993.57,14183.48
2008/6/10,14281.36,14308.89,13983.56,14021.17
2008/6/9,14275.34,14278.84,14117.79,14181.38
2008/6/6,14530.36,14601.27,14489.44,14489.44
2008/6/5,14392.59,14392.59,14262.02,14341.12
2008/6/4,14270.07,14435.57,14250.11,14435.57
2008/6/3,14275.61,14289.47,14127.75,14209.17
2008/6/2,14342.96,14461.03,14189.97,14440.14
2008/5/30,14195.66,14366.63,14192.17,14338.54
2008/5/29,13832.65,14147.89,13832.65,14124.47
2008/5/28,13937.14,13979.39,13665.57,13709.44
2008/5/27,13750.82,13931.23,13750.82,13893.31
2008/5/26,13875.98,13883.51,13670.92,13690.19
2008/5/23,13945.1,14157.24,13925.38,14012.2
2008/5/22,13772.65,13984.81,13658.02,13978.46
2008/5/21,14002.52,14041.24,13847.18,13926.3
2008/5/20,14220.12,14286.67,14121.92,14160.09
2008/5/19,14294.52,14343.19,14219.08,14269.61
2008/5/16,14363.62,14392.53,14194.91,14219.48
2008/5/15,14167.02,14352.84,14167.02,14251.74
2008/5/14,13961.96,14121.94,13877.4,14118.55
2008/5/13,13814.39,13976.92,13734.5,13953.73
2008/5/12,13565.91,13793.41,13540.68,13743.36
2008/5/9,13941.3,13946.51,13639.99,13655.34
2008/5/8,14008.19,14036.31,13930.28,13943.26
2008/5/7,14147.57,14208.67,14022.79,14102.48
2008/5/2,13944.26,14072.92,13944.26,14049.26
2008/5/1,13802.59,13884.63,13727.07,13766.86
2008/4/30,13802.94,13976.1,13766.24,13849.99
2008/4/28,13907.97,14003.28,13745.61,13894.37
2008/4/25,13614.53,13886.37,13614.53,13863.47
2008/4/24,13613.83,13654.78,13497.16,13540.87
2008/4/23,13455.56,13717.05,13449.04,13579.16
2008/4/22,13587.51,13608.17,13519.12,13547.82
2008/4/21,13639.85,13739.44,13639.77,13696.55
2008/4/18,13426.26,13485.04,13323.74,13476.45
2008/4/17,13315.83,13495.94,13313.06,13398.3
2008/4/16,13130.66,13222.43,13112.07,13146.13
2008/4/15,12952.65,13052.82,12875.92,12990.58
2008/4/14,13132.67,13132.67,12858.63,12917.51
2008/4/11,13061.77,13329.4,13040.35,13323.73
2008/4/10,13029.81,13062.46,12898.49,12945.3
2008/4/9,13295.16,13348.38,12998.54,13111.89
2008/4/8,13373.96,13402.91,13225.76,13250.43
2008/4/7,13240.56,13485.9,13228.86,13450.23
2008/4/4,13286.35,13360.81,13220,13293.22
2008/4/3,13190.16,13389.9,13137.1,13389.9
2008/4/2,12836.41,13189.36,12836.41,13189.36
2008/4/1,12539.8,12779.14,12521.84,12656.42
2008/3/31,12709.28,12709.28,12430.63,12525.54
2008/3/28,12594.34,12874.45,12507.68,12820.47
2008/3/27,12618.42,12621.56,12475.88,12604.58
2008/3/26,12648.97,12711.78,12591.01,12706.63
2008/3/25,12639.74,12791.24,12572.77,12745.22
2008/3/24,12473.06,12582.46,12438.2,12480.09
2008/3/21,12331.64,12496.41,12308.03,12482.57
2008/3/19,12142.33,12374.75,12142.33,12260.44
2008/3/18,11828.99,11995.06,11793.6,11964.16
2008/3/17,12089.03,12132.69,11691,11787.51
2008/3/14,12509.81,12582.57,12167.09,12241.6
2008/3/13,12741.26,12772.37,12351.72,12433.44
2008/3/12,12841.88,13071.22,12799.42,12861.13
2008/3/11,12392.31,12674.89,12352.79,12658.28
2008/3/10,12716.84,12777.07,12527.07,12532.13
2008/3/7,13024.61,13024.61,12744.52,12782.8
2008/3/6,13068.89,13365.22,13050.55,13215.42
2008/3/5,12973.03,13044.01,12919.81,12972.06
2008/3/4,13080.29,13110.39,12883.07,12992.28
2008/3/3,13412.87,13413.63,12992.18,12992.18
2008/2/29,13735.44,13738.56,13533.25,13603.02
2008/2/28,13877.88,13962.3,13794.71,13925.51
2008/2/27,14007.32,14105.47,13956.44,14031.3
2008/2/26,14036.89,14053.85,13803.46,13824.72
2008/2/25,13612.31,13969.18,13612.31,13914.57
2008/2/22,13530.19,13540.62,13378.72,13500.46
2008/2/21,13462.72,13783.97,13439.59,13688.28
2008/2/20,13729.75,13729.75,13310.37,13310.37
2008/2/19,13761.76,13853.21,13691.88,13757.91
2008/2/18,13627.31,13822.45,13627.31,13635.4
2008/2/15,13508.53,13666.68,13356.39,13622.56
2008/2/14,13254.59,13626.45,13251.86,13626.45
2008/2/13,13162.95,13240.26,13036.62,13068.3
2008/2/12,12998.87,13138.28,12923.42,13021.96
2008/2/8,13143.08,13279.52,12997.88,13017.24
2008/2/7,13077.25,13244.19,12972.55,13207.15
2008/2/6,13548.53,13552.19,13099.24,13099.24
2008/2/5,13806.17,13821.92,13665.64,13745.5
2008/2/4,13642.6,13889.24,13642.6,13859.7
2008/2/1,13517.74,13648.39,13444.08,13497.16
2008/1/31,13227.48,13622.68,13154.77,13592.47
2008/1/30,13500.52,13514.13,13271.13,13345.03
2008/1/29,13246.69,13506.81,13224.66,13478.86
2008/1/28,13482.84,13501.86,13087.91,13087.91
2008/1/25,13258.77,13647.16,13248.89,13629.16
2008/1/24,12952.5,13134.77,12952.5,13092.78
2008/1/23,12756.31,13063.78,12619.78,12829.06
2008/1/22,13125.23,13125.23,12572.68,12573.05
2008/1/21,13701.43,13704.65,13320.51,13325.94
2008/1/18,13577.5,13902.64,13365.32,13861.29
2008/1/17,13596.38,13803.08,13472.45,13783.45
2008/1/16,13796.73,13841.93,13500.59,13504.51
2008/1/15,14134.91,14224,13915.15,13972.63
2008/1/11,14419.43,14447.49,14096.54,14110.79
2008/1/10,14546.32,14584.73,14388.11,14388.11
2008/1/9,14364.71,14602.65,14271.57,14599.16
2008/1/8,14429.3,14547.8,14365.86,14528.67
2008/1/7,14549.38,14667.85,14438.61,14500.55
2008/1/4,15155.73,15156.66,14542.58,14691.41
